<?xml version="1.0" encoding="UTF-8"?>

<mule xmlns:mulerequester="http://www.mulesoft.org/schema/mule/mulerequester"
	xmlns:jms="http://www.mulesoft.org/schema/mule/jms"
	xmlns:validation="http://www.mulesoft.org/schema/mule/validation"
	xmlns:acquait-metrics="http://www.mulesoft.org/schema/mule/acquait-metrics"
	xmlns:json="http://www.mulesoft.org/schema/mule/json" xmlns:tracking="http://www.mulesoft.org/schema/mule/ee/tracking"
	xmlns:tls="http://www.mulesoft.org/schema/mule/tls" xmlns:http="http://www.mulesoft.org/schema/mule/http"
	xmlns="http://www.mulesoft.org/schema/mule/core" xmlns:doc="http://www.mulesoft.org/schema/mule/documentation"
	xmlns:spring="http://www.springframework.org/schema/beans" xmlns:xsi="http://www.w3.org/2001/XMLSchema-instance"
	xsi:schemaLocation="http://www.mulesoft.org/schema/mule/mulerequester http://www.mulesoft.org/schema/mule/mulerequester/current/mule-mulerequester.xsd
http://www.mulesoft.org/schema/mule/validation http://www.mulesoft.org/schema/mule/validation/current/mule-validation.xsd
http://www.mulesoft.org/schema/mule/acquait-metrics http://www.mulesoft.org/schema/mule/acquait-metrics/current/mule-acquait-metrics.xsd
http://www.mulesoft.org/schema/mule/tls http://www.mulesoft.org/schema/mule/tls/current/mule-tls.xsd
http://www.springframework.org/schema/beans http://www.springframework.org/schema/beans/spring-beans-current.xsd
http://www.mulesoft.org/schema/mule/core http://www.mulesoft.org/schema/mule/core/current/mule.xsd
http://www.mulesoft.org/schema/mule/http http://www.mulesoft.org/schema/mule/http/current/mule-http.xsd
http://www.mulesoft.org/schema/mule/json http://www.mulesoft.org/schema/mule/json/current/mule-json.xsd
http://www.mulesoft.org/schema/mule/ee/tracking http://www.mulesoft.org/schema/mule/ee/tracking/current/mule-tracking-ee.xsd
http://www.mulesoft.org/schema/mule/jms http://www.mulesoft.org/schema/mule/jms/current/mule-jms.xsd">
   
	<flow name="dragonfish-webhooks-activemq-flow">
		<expression-component doc:name="Set Init Expressions"><![CDATA[flowVars.flowName=flow.name;
flowVars.apiName='WebHooks Shopify';
flowVars.errorCode=server.dateTime.format('yyyyMMddHHmmssSSS');
flowVars.metricCategory='Shopify-WebHooks';
flowVars.sendMail=true;]]></expression-component>
		<acquait-metrics:inc-count
			config-ref="AcquaIT_Metrics__AcquaIT_Metric_Connector_Configuration"
			category="#[flowVars.metricCategory]" doc:name="Metrics Count Request">
			<acquait-metrics:metric-keys>
                <acquait-metrics:metric-key>#[flowVars.metricCategory]-Request</acquait-metrics:metric-key>

			</acquait-metrics:metric-keys>
		</acquait-metrics:inc-count>
		<expression-component doc:name="Expression - Get Entidad/Accion"><![CDATA[flowVars.entidad=(message.inboundProperties.'http.uri.params'.entidad == null? "":message.inboundProperties.'http.uri.params'.entidad);
flowVars.accion=(message.inboundProperties.'http.uri.params'.accion == null? "":message.inboundProperties.'http.uri.params'.accion);]]></expression-component>
		<byte-array-to-string-transformer
			doc:name="Byte Array to String" encoding="UTF-8" mimeType="application/json"/>
		<logger message="Webhook recibido #[payload]" level="INFO"
			category="com.acqua.base.ProcessLayer" doc:name="Logger" />
		<message-properties-transformer
			overwrite="true" doc:name="Message Properties">
			<add-message-property key="entidad" value="#[flowVars.entidad]" />
			<add-message-property key="accion" value="#[flowVars.accion]" />
		</message-properties-transformer>
		<jms:outbound-endpoint queue="${activemq.queue.webhook}"
			connector-ref="Active_MQ" doc:name="JMS" encoding="ISO-8859-1" mimeType="application/json"/>
		<exception-strategy ref="Process_Layer_Generic_Exception_Strategy"
			doc:name="Reference Exception Strategy" />
	</flow>
	
	<flow name="dragonfish-webhooks-process-activemq-flow" initialState="started" processingStrategy="synchronous">
	
		<jms:inbound-endpoint  connector-ref="Active_MQ" doc:name="JMS" queue="${activemq.queue.webhook}">
            <jms:transaction action="ALWAYS_BEGIN"/>
        </jms:inbound-endpoint>
 
		<copy-properties propertyName="*" doc:name="Property"/>
		
        <expression-component doc:name="Set Init Expressions"><![CDATA[flowVars.flowName=flow.name;
flowVars.apiName='WebHooks Shopify';
flowVars.errorCode=server.dateTime.format('yyyyMMddHHmmssSSS');
flowVars.metricCategory='Shopify-WebHooks-Queue';
flowVars.sendMail=true;]]></expression-component>
        <logger level="INFO" doc:name="Logger CONSOLA" category="com.acqua.utils.ConsolaWebHooks" message="#[&quot;-----------------------------------------------------------------------------------------&quot;]"/>
        <logger message="PROCESS LAYER - INICIO - WebHook Recibido#[&quot;\n&quot;] #[message.payloadAs(java.lang.String)]" level="INFO" category="com.acqua.utils.ConsolaWebHooks" doc:name="Logger CONSOLA"/>
        <json:json-to-object-transformer returnClass="java.util.HashMap" doc:name="JSON to Object"/>
        
		<acquait-metrics:inc-count
			config-ref="AcquaIT_Metrics__AcquaIT_Metric_Connector_Configuration"
			category="#[flowVars.metricCategory]" doc:name="Metrics Count Request">
			<acquait-metrics:metric-keys>
				<acquait-metrics:metric-key>#[flowVars.metricCategory]-Request</acquait-metrics:metric-key>
			</acquait-metrics:metric-keys>
		</acquait-metrics:inc-count>
		
        <acquait-metrics:snap-time config-ref="AcquaIT_Metrics__AcquaIT_Metric_Connector_Configuration" snapTimeKey="Shopify_WebHooks_Queue_Begin" doc:name="Metrics Begin Snap"/>
		
		<expression-component doc:name="Expression - Get Entidad/Accion"><![CDATA[flowVars.entidad=(message.inboundProperties.'entidad' == null? "":message.inboundProperties.'entidad');
flowVars.accion=(message.inboundProperties.'accion' == null? "":message.inboundProperties.'accion');
]]></expression-component>
        <logger message="PROCESS LAYER - INICIO - Procesando Entidad: #[flowVars.entidad] Accion: #[flowVars.accion]" level="INFO" category="com.acqua.utils.ConsolaWebHooks" doc:name="Logger CONSOLA"/>
		
		<flow-ref name="dragonfish-shopify-process-#[flowVars.entidad]-flow"
			doc:name="dragonfish-shopify-process-ENTIDAD-flow" />
		
		<acquait-metrics:snap-time
			config-ref="AcquaIT_Metrics__AcquaIT_Metric_Connector_Configuration"
			snapTimeKey="Shopify_WebHooks_Queue_End" doc:name="Metrics End Snap" />
		
		<acquait-metrics:time
			config-ref="AcquaIT_Metrics__AcquaIT_Metric_Connector_Configuration"
			beginSnapKey="Shopify_WebHooks_Queue_Begin" category="#[flowVars.metricCategory]"
			endSnapKey="Shopify_WebHooks_Queue_End"
			metricKey="#[flowVars.metricCategory + (message.outboundProperties[&quot;http.status&quot;]!=200?((message.outboundProperties[&quot;http.status&quot;]==510)?&quot;-Error-Response&quot;:((message.outboundProperties[&quot;http.status&quot;]==401)?&quot;-Unauthorized&quot;:&quot;-Invalid-Response&quot;)):&quot;-Valid-Response&quot;)]"
			doc:name="Metrics Record Full Request" />

		<set-payload value="{ &quot;flow&quot;:&quot;Shopify-Webhook-Order&quot;, &quot;subject&quot;:&quot;Pedido Ingresado&quot;,&quot;layer&quot;:&quot;layer-order-msg-report&quot;} " doc:name="Set Shopify-Articulos Msg to Jobs" mimeType="application/json"/>
		
		<jms:outbound-endpoint doc:name="JMS - Send Process Job"
			connector-ref="Active_MQ" queue="${activemq.queue.jobs_pending}"
			encoding="ISO-8859-1" mimeType="text/plain">
		</jms:outbound-endpoint>
  		
        <rollback-exception-strategy doc:name="Rollback Exception Strategy"
			maxRedeliveryAttempts="${activemq.queue.maximumRedeliveries}"
			enableNotifications="false" logException="false">
			<logger message="Transaction Rollbacked" level="INFO"
				category="com.acqua.base.ProcessLayer" doc:name="Logger" />
			<logger doc:name="Rollback transaction" level="INFO"
				message="Entered rollback exception strategy. The message rolls back to its original state for reprocessing." />
			<on-redelivery-attempts-exceeded>
				<logger message="Transaction Exhausted" level="INFO"
					category="com.acqua.base.ProcessLayer" doc:name="Logger" />
			</on-redelivery-attempts-exceeded>
		</rollback-exception-strategy>
		

	</flow>


	<flow name="dragonfish-shopify-process-orders-flow"
		processingStrategy="synchronous">
		<set-variable variableName="currentPayload" value="#[payload]"
			doc:name="Save Payload" />
		<enricher target="#[flowVars.regCtrol]" doc:name="Message Enricher">
			<processor-chain
				doc:name="Processor Chain - Alta/Baja/Eliminacion de Order ECommerce">
				<set-variable variableName="orderId" value=" #[payload.name]"
					doc:name="Save Order ID" />
                <flow-ref name="dragonfish-shopify-process-order-customer-flow" doc:name="dragonfish-shopify-process-order-customer-flow"/>
                <set-variable variableName="currentCustomer" value="#[payload]" doc:name="Save Current Customer"/>
                <set-payload value="#[flowVars.currentPayload]" doc:name="Set Payload"/>

				<choice doc:name="Choice">
					<when expression="#[flowVars.accion=='create']">

						<flow-ref name="dragonfish-shopify-process-order-create-request-flow"
							doc:name="dragonfish-shopify-process-order-create-request-flow" />
						<set-payload value="#[flowVars.request]" doc:name="Set Payload" />
						<json:object-to-json-transformer
							doc:name="Object to JSON" encoding="UTF-8" mimeType="application/json"/>
                        <logger message="PROCESS LAYER - Request.  Dando de Alta del Pedido en Dragon:#[&quot;\n&quot;] #[message.payloadAs(java.lang.String)]" level="INFO" category="com.acqua.utils.ConsolaWebHooks" doc:name="Logger CONSOLA"/>

						<http:request config-ref="DragonSL_Request_Configuration"
							path="create-order" method="POST" doc:name="HTTP Add/Upd/Del Order">
							<http:request-builder>
                                    <http:header headerName="content-type" value="application/json;charset=UTF-8"/>
                                </http:request-builder>
							<http:success-status-code-validator
								values="200..599" />
						</http:request>
						<logger
							message="PROCESS LAYER - Response.  Alta de Pedido.  Status #[message.inboundProperties[&quot;http.status&quot;]]:#[&quot;\n&quot;] #[message.payloadAs(java.lang.String)]"
							level="INFO" category="com.acqua.utils.ConsolaWebHooks" doc:name="Logger CONSOLA" />

						<validation:custom-validator
							config-ref="Validation_Configuration" message="#[flowVars.validationErrorMessage]"
							class="com.acqua.common.pl.validator.PLExternalRestfulValidator"
							doc:name="Validation" />
                        <expression-component doc:name="Expression Save Message"><![CDATA[flowVars.responseValue = new java.util.HashMap();
flowVars.responseValue .put("time",server.dateTime.format('yyyy/MM/dd HH:mm:ss:SSS'));
flowVars.responseValue .put("Orden",currentPayload.order_number);
flowVars.responseValue .put("IdOrden",currentPayload.id);
flowVars.responseValue .put("estado",200);
flowVars.responseValue .put("descripcionEstado","Orden Generada en Dragon: " + payload);]]></expression-component>
                        <set-payload value="#[flowVars.responseValue]" doc:name="Set Payload"/>
                        <json:object-to-json-transformer doc:name="Object to JSON" encoding="ISO-8859-1"/>
                        <set-property propertyName="http.status" value="#[200]" doc:name="Set http.status"/>
                        <message-properties-transformer doc:name="Message Properties">
                            <add-message-property key="Header" value="Shopify-Webhook-Order"/>
                        </message-properties-transformer>
                        <jms:outbound-endpoint queue="${activemq.queue.mensajes.articulos.webhook}" connector-ref="Active_MQ" doc:name="JMS - Save Message" encoding="ISO-8859-1"/>
					</when>
					<otherwise>

						<set-variable variableName="errorMessage"
							value="Accion #[flowVars.accion] invalida procesando order id: #[flowVars.orderId]"
							doc:name="Set Error Msg" />
                        <logger message="PROCESS LAYER - Accion Invalida #[flowVars.errorMessage]" level="INFO" category="com.acqua.utils.ConsolaWebHooks" doc:name="Logger CONSOLA"/>
						<validation:custom-validator
							config-ref="Validation_Configuration" message="Error Procesando WebHook de Creando Ordenes"
							class="com.acqua.common.pl.validator.PLCommonValidator" doc:name="Validation" />
					</otherwise>
				</choice>

			</processor-chain>
		</enricher>

        <catch-exception-strategy doc:name="Catch Exception Strategy">
            <expression-component doc:name="Expression - Get Error Detail"><![CDATA[flowVars.circularException = exception.getCause(); 
flowVars.ProcessLayerResponseError = flowVars.circularException.getProcessLayerResponseError();
flowVars.responseValue = new java.util.HashMap();
flowVars.responseValue .put("time",server.dateTime.format('yyyy/MM/dd HH:mm:ss:SSS'));
flowVars.responseValue .put("Orden",flowVars.currentPayload.order_number);
flowVars.responseValue .put("IdOrden",flowVars.currentPayload.id);
flowVars.responseValue .put("estado",flowVars.ProcessLayerResponseError.getErrors().getHttpStatus());
flowVars.responseValue .put("descripcionEstado",flowVars.ProcessLayerResponseError.getErrors().getErrorMessage());]]></expression-component>
            <set-payload value="#[flowVars.responseValue]" doc:name="Set Payload"/>
            <json:object-to-json-transformer mimeType="application/json" doc:name="Object to JSON"/>
            <logger message="PROCESS LAYER - ERROR - Error procesando Orden  flowVars.currentPayload.order_number en Shopify. Error: #[flowVars.responseValue.get(&quot;estado&quot;) + &quot; - &quot; + flowVars.responseValue.get(&quot;descripcionEstado&quot;)] #[&quot;\n&quot;] #[payload]" level="INFO" category="com.acqua.utils.ConsolaWebHooks" doc:name="Logger CONSOLA"/>
            <set-property propertyName="http.status" value="#[flowVars.responseValue .get(&quot;estado&quot;)]" doc:name="http.status"/>
            <message-properties-transformer doc:name="Message Properties">
                <add-message-property key="Header" value="Shopify-Webhook-Order"/>
            </message-properties-transformer>
            <jms:outbound-endpoint queue="${activemq.queue.mensajes.articulos.webhook}" connector-ref="Active_MQ" doc:name="JMS (Message Queue)" encoding="ISO-8859-1">
                <jms:transaction action="NONE"/>
            </jms:outbound-endpoint>
            <set-property propertyName="http.status" value="#[flowVars.responseValue .get(&quot;estado&quot;)&lt;500?200:flowVars.responseValue .get(&quot;estado&quot;)]" doc:name="Set http.status"/>
        </catch-exception-strategy>

	</flow>
	
	<flow name="dragonfish-shopify-process-order-create-request-flow"
		processingStrategy="synchronous">
		<expression-component doc:name="Expression - Prepare Request Header"><![CDATA[flowVars.request = new java.util.HashMap();
flowVars.request.put("action",flowVars.accion);
flowVars.request.put("codigoPlataforma","${Dragon_ECommerce}"); 
flowVars.request.put("numeroOrden",payload.order_number); 
flowVars.request.put("clienteEcommerceDragon",org.apache.commons.lang3.StringUtils.substring(payload.customer.id,(org.apache.commons.lang.StringUtils.length(payload.customer.id) - 10))); 
flowVars.request.put("datosEnvio",payload.shipping_lines[0].title); 
flowVars.request.put("datosPago",payload.gateway); 
flowVars.request.put("pagado",false);  
flowVars.request.put("idOperacion",Long.toString(payload.id));
flowVars.request.put("fechaOperacion",payload.updated_at); 
flowVars.request.put("observacion",payload.order_status_url); 
flowVars.request.put("total",Double.parseDouble(payload.total_price));
flowVars.requestLine = new java.util.ArrayList();
flowVars.request.LineSeq = 0;
]]></expression-component>
		<foreach collection="#[payload.line_items]" doc:name="For Each - Line">
			<expression-component doc:name="Expression - Prepare Request Line"><![CDATA[flowVars.request.LineSeq=flowVars.request.LineSeq+1;
flowVars.requestDetailLine = new java.util.HashMap();
flowVars.requestDetailLine.put("idLinea",Long.toString(payload.id)); 
flowVars.requestDetailLine.put("idProducto",Long.toString(payload.variant_id)); 
flowVars.requestDetailLine.put("descripcionProductoEcommerce",payload.title); 
flowVars.requestDetailLine.put("idArticuloDragon",payload.sku); 
flowVars.requestDetailLine.put("descripcionProducto",payload.name); 
flowVars.requestDetailLine.put("codigoColor",""); 
flowVars.requestDetailLine.put("descripcionColor",""); 
flowVars.requestDetailLine.put("codigoTalle",""); 
flowVars.requestDetailLine.put("cantidadSolicitada",payload.quantity); 
flowVars.requestDetailLine.put("precioProducto",Double.parseDouble(payload.price)); 
flowVars.requestDetailLine.put("montoTotalLinea",((java.lang.Double.parseDouble(payload.price) + java.lang.Double.parseDouble(payload.tax_lines[0].price)) * java.lang.Integer.parseInt(payload.quantity)) - java.lang.Double.parseDouble(payload.total_discount)); 
flowVars.requestDetailLine.put("nroDeLinea",flowVars.request.LineSeq); 
flowVars.requestLine.add(flowVars.requestDetailLine);]]></expression-component>
		</foreach>
		<expression-component doc:name="Expression - Add Details to Request"><![CDATA[flowVars.request.put("detalleDeLaOrden",flowVars.requestLine);]]></expression-component>
	</flow>
	<flow name="dragonfish-shopify-process-order-customer-flow"
		processingStrategy="synchronous">

		<expression-component doc:name="Expression - Create Request"><![CDATA[flowVars.request= new java.util.HashMap();
flowVars.request.put("action",'create');
flowVars.request.put("nombre",payload.customer.first_name); 
flowVars.request.put("apellido",payload.customer.last_name); 
flowVars.request.put("mail",(payload.customer.email!=null?payload.customer.email:"")); 
flowVars.request.put("observacion",Long.toString(flowVars.currentPayload.id)); 
flowVars.request.put("telefono",payload.customer.phone==null?"":payload.customer.phone); 
flowVars.request.put("tipoDoc",""); 
flowVars.request.put("nroDoc",""); 
flowVars.request.put("codigo",Long.toString(payload.customer.id)); 
flowVars.request.put("clienteDragon",""); 
flowVars.request.put("clienteEcommerce",payload.customer.first_name + " " + payload.customer.last_name); 
flowVars.request.put("cuentaEcommerce","${Dragon_ECommerce}");]]></expression-component>
		<set-payload value="#[flowVars.request]" doc:name="Set Payload" />
		<json:object-to-json-transformer
			doc:name="Object to JSON" encoding="UTF-8" mimeType="application/json"/>
        <logger message="PROCESS LAYER - Request.  Dando de Alta del Cliente en Dragon:#[&quot;\n&quot;] #[message.payloadAs(java.lang.String)]" level="INFO" category="com.acqua.utils.ConsolaWebHooks" doc:name="Logger CONSOLA"/>

		<http:request config-ref="DragonSL_Request_Configuration"
			path="put-customerecommerce" method="PUT"
			doc:name="HTTP Add/Upd/Del Cliente ECommerce">
			<http:request-builder>
                <http:header headerName="content-type" value="application/json;charset=UTF-8"/>
            </http:request-builder>
			<http:success-status-code-validator
				values="200..599" />
		</http:request>
        <logger message="PROCESS LAYER - Response.  Alta de Cliente.  Status #[message.inboundProperties[&quot;http.status&quot;]]:#[&quot;\n&quot;] #[message.payloadAs(java.lang.String)]" level="INFO" category="com.acqua.utils.ConsolaWebHooks" doc:name="Logger CONSOLA"/>

		<validation:custom-validator config-ref="Validation_Configuration"
			message="#[flowVars.validationErrorMessage]" class="com.acqua.common.pl.validator.PLExternalRestfulValidator"
			doc:name="Validation" />
		<json:json-to-object-transformer
			doc:name="JSON to Object" />
	</flow>

    

</mule>
