{
    "errors": {
        "flowName": "jde-atina-basic-get-authorization-flow",
        "errorCode": "20200108183611471",
        "category": "GET-api-jde-atina-get-authorization",
        "httpStatus": 510,
        "sendMail": true,
        "errorMessage": "Login",
        "slResponseError": {
            "errors": {
                "flowName": "jde-atina-get-authorization-process-flow",
                "errorCode": "",
                "category": "/api/jde-atina/get-authorization",
                "httpStatus": 510,
                "errorMessage": "Login",
                "externalErrorCode": {
                    "apiName": "Login",
                    "result": "",
                    "result_namespace": "",
                    "errorMessage": "Login",
                    "httpStatus": 510,
                    "request": "",
                    "response": "INTERNAL: Error Creating Connection|JWT signature does not match locally computed signature. JWT validity cannot be asserted and should not be trusted.|%ServiceServerException%",
                    "layer": "INTERNAL SERVICE"
                }
            }
        }
    }
}