<?xml version="1.0" encoding="UTF-8"?>

<mule xmlns:jdeatina="http://www.mulesoft.org/schema/mule/jdeatina"
	xmlns:json="http://www.mulesoft.org/schema/mule/json" xmlns:tracking="http://www.mulesoft.org/schema/mule/ee/tracking"
	xmlns="http://www.mulesoft.org/schema/mule/core" xmlns:doc="http://www.mulesoft.org/schema/mule/documentation"
	xmlns:spring="http://www.springframework.org/schema/beans" xmlns:xsi="http://www.w3.org/2001/XMLSchema-instance"
	xsi:schemaLocation="http://www.mulesoft.org/schema/mule/json http://www.mulesoft.org/schema/mule/json/current/mule-json.xsd
http://www.springframework.org/schema/beans http://www.springframework.org/schema/beans/spring-beans-current.xsd
http://www.mulesoft.org/schema/mule/core http://www.mulesoft.org/schema/mule/core/current/mule.xsd
http://www.mulesoft.org/schema/mule/ee/tracking http://www.mulesoft.org/schema/mule/ee/tracking/current/mule-tracking-ee.xsd
http://www.mulesoft.org/schema/mule/jdeatina http://www.mulesoft.org/schema/mule/jdeatina/current/mule-jdeatina.xsd">

	<flow name="jde-atina-post-operation-flow" processingStrategy="synchronous">
	
		<flow-ref name="jde-atina-post-operation-process-flow"
			doc:name="jde-atina-post-operation-process-flow" />
			
		<logger
			message="SYSTEM LAYER - RESPONSE: #[message.outboundProperties[&quot;http.status&quot;]] Articulo: #[&quot;\n&quot;]#[message.payloadAs(java.lang.String)]"
			level="INFO" category="com.acqua.utils.ConsolaSystemDragon" doc:name="Logger" />
			
		<catch-exception-strategy
			enableNotifications="false" logException="false" doc:name="Catch Exception Strategy">
			<logger message="SYSTEM LAYER - ERROR recuperando el articulo."
				level="INFO" category="com.acqua.utils.ConsolaDragon" doc:name="Logger CONSOLA" />
		</catch-exception-strategy>
		
	</flow>

	<flow name="jde-atina-post-operation-process-flow"
		processingStrategy="synchronous">
		<expression-component doc:name="Set Control Vars"><![CDATA[flowVars.flowName=flow.name;
flowVars.metricCategory=message.inboundProperties.'http.request.path';
flowVars.apiName=message.inboundProperties.'http.request.uri';
flowVars.errorCode="";
flowVars.token=message.inboundProperties.'token'
flowVars.operation=message.inboundProperties.'http.uri.params'.Operation;]]></expression-component>
		<byte-array-to-string-transformer
			mimeType="application/json" doc:name="Byte Array to String" />

		<json:json-to-object-transformer
			returnClass="java.util.HashMap" doc:name="JSON to Object" />

		<logger
			message="#[&quot;--------------------------------------------------------------------------------------------&quot;]"
			level="INFO" category="com.acqua.utils.ConsolaSystemDragon" doc:name="Logger CONSOLA" />

		<logger
			message="SYSTEM LAYER - REQUEST: Getting Schema for: #[flowVars.operation]"
			level="INFO" category="com.acqua.utils.ConsolaSystemDragon" doc:name="Logger CONSOLA" />
			
		<expression-component doc:name="Prepare Request"><![CDATA[payload.put("JDE Token", flowVars .token);
]]></expression-component>

		<jdeatina:invoke-w-s config-ref="JDE_Atina__Configuration"
			entityType="#[flowVars.operation]" doc:name="JDE Atina">
			<jdeatina:entity-data ref="#[payload]" />
		</jdeatina:invoke-w-s>

		<set-property propertyName="token"
			value="#[payload[&quot;JDE Token&quot;]]" doc:name="Property" />

		<expression-component doc:name="Remove Token"><![CDATA[payload.remove("JDE Token");]]></expression-component>
			
		<json:object-to-json-transformer
			encoding="ISO-8859-1" mimeType="application/json" doc:name="Object to JSON" mapper-ref="jacksonObjectMapper"/>

		<catch-exception-strategy doc:name="Catch GRPC">
		
			<logger
				message="Catch GRPC InternalConnectorException: #[exception.getCauseException().getMessage().split(&quot;\\n&quot;)]"
				level="ERROR" category="com.acqua.common.utils.CommonLayer"
				doc:name="Logger" />

			<custom-transformer returnClass="com.acqua.common.sl.exceptions.SLResponseError"
				class="com.acqua.common.sl.transformers.SLCreateServiceResponse"
				doc:name="Create SL Service Response Error" />
			<expression-component doc:name="Expression"><![CDATA[flowVars.commonException = payload;]]></expression-component>
			<json:object-to-json-transformer
				doc:name="Object to JSON"  mapper-ref="jacksonObjectMapper" />
			<logger message="Error: #[payload]" level="INFO"
				category="com.acqua.common.utils.CommonLayer" doc:name="Logger" />
			<set-property propertyName="http.status"
				value="#[flowVars.commonException.getErrors().getHttpStatus()]"
				doc:name="Property" />


		</catch-exception-strategy>

	</flow>
	
</mule>
