<?xml version="1.0" encoding="UTF-8"?>

<mule xmlns:json="http://www.mulesoft.org/schema/mule/json" xmlns:jdeatina="http://www.mulesoft.org/schema/mule/jdeatina" xmlns:tracking="http://www.mulesoft.org/schema/mule/ee/tracking" xmlns="http://www.mulesoft.org/schema/mule/core" xmlns:doc="http://www.mulesoft.org/schema/mule/documentation"
	xmlns:spring="http://www.springframework.org/schema/beans" 
	xmlns:xsi="http://www.w3.org/2001/XMLSchema-instance"
	xsi:schemaLocation="http://www.springframework.org/schema/beans http://www.springframework.org/schema/beans/spring-beans-current.xsd
http://www.mulesoft.org/schema/mule/core http://www.mulesoft.org/schema/mule/core/current/mule.xsd
http://www.mulesoft.org/schema/mule/ee/tracking http://www.mulesoft.org/schema/mule/ee/tracking/current/mule-tracking-ee.xsd
http://www.mulesoft.org/schema/mule/jdeatina http://www.mulesoft.org/schema/mule/jdeatina/current/mule-jdeatina.xsd
http://www.mulesoft.org/schema/mule/json http://www.mulesoft.org/schema/mule/json/current/mule-json.xsd">
   
      <jdeatina:config name="JDE_Atina__Configuration" jdeUser="${jde_user}" jdePassword="${jde_password}" jdeEnvironment="${jde_environment}" jdeRole="${jde_role}" wsConnection="true" microServiceName="${jde_atina_server_name}" microServicePort="${jde_atina_server_port}" doc:name="JDE Atina: Configuration"/>
     
     <flow name="jde-atina-get-authorization-flow" processingStrategy="synchronous">
        <flow-ref name="jde-atina-get-authorization-process-flow" doc:name="jde-atina-get-authorization-process-flow"/>
        <logger message="SYSTEM LAYER - RESPONSE: #[message.outboundProperties[&quot;http.status&quot;]] Articulo: #[&quot;\n&quot;]#[message.payloadAs(java.lang.String)]" level="INFO" category="com.acqua.utils.ConsolaSystemDragon" doc:name="Logger"/>
        <catch-exception-strategy enableNotifications="false" logException="false" doc:name="Catch Exception Strategy">
            <logger message="SYSTEM LAYER - ERROR recuperando el articulo." level="INFO" category="com.acqua.utils.ConsolaDragon" doc:name="Logger CONSOLA"/>
        </catch-exception-strategy>
    </flow>
    <flow name="jde-atina-get-authorization-process-flow" processingStrategy="synchronous">
        <expression-component doc:name="Set Control Vars"><![CDATA[flowVars.flowName=flow.name;
flowVars.metricCategory=message.inboundProperties.'http.request.path';
flowVars.apiName=message.inboundProperties.'http.request.uri';
flowVars.errorCode="";
flowVars .token=message.inboundProperties.'token']]></expression-component>
 	<logger message="#[&quot;--------------------------------------------------------------------------------------------&quot;]" level="INFO" category="com.acqua.utils.ConsolaSystemDragon" doc:name="Logger CONSOLA"/>
    <logger message="SYSTEM LAYER - REQUEST: Getting Authorization for Token: #[flowVars.token]" level="INFO" category="com.acqua.utils.ConsolaSystemDragon" doc:name="Logger CONSOLA"/>
        <expression-component doc:name="Prepare Request"><![CDATA[payload = new java.util.HashMap();
payload .put("JDE Token", flowVars .token);]]></expression-component>
        <jdeatina:authenticate config-ref="JDE_Atina__Configuration" entityType="FromTokenData" doc:name="JDE Atina"/>
        <json:object-to-json-transformer encoding="ISO-8859-1" mimeType="application/json" doc:name="Object to JSON"/>
        <exception-strategy ref="System_Layer_Generic_Exception_Strategy" doc:name="Reference Exception Strategy"/>
        
    </flow>
    
</mule>
